alchemyapi;27
sass;24
eclipse;37
sendgrid;51
kinect;24
opencv;59
chrome;35
tizen;94
bloomberg;27
google-maps;140
azure;111
git;90
sql;159
flask;97
foursquare;22
apache;36
angular.js;136
mac;168
oculus;55
d3.js;52
arduino;138
samsung-gear;36
c++;53
amazon-web-services;63
bluemix;49
xml;40
adobe-illustrator;40
socket.io;44
pebble;106
wolfram-technologies;23
ruby;101
parse;132
html;558
nyc-open-data;36
weather-underground;22
objective-c;153
intel-edison;21
firebase;103
esri;39
salesforce;30
machine-learning;22
css;436
django;54
photoshop;79
windows-phone;105
jquery;311
raspberry-pi;48
xcode;73
node.js;388
jade;29
javascript;792
java;322
venmo;36
express.js;103
sketch;23
heroku;96
windows;230
mongodb;154
facebook;70
leap-motion;63
python;398
.net;148
bluetooth;32
ionic;30
samsung-tv-sdk;37
meteor.js;24
twilio;149
namecheap;23
nexmo;25
c;75
hardware;452
linode;21
unity;128
android;813
ios;555
php;197
digitalocean;29
web;771
twitter;69
mashery;21
myo;53
