alchemyapi;122
mta-data;106
chrome;288
wordpress;110
angular.js;1086
oculus;317
bluemix;262
backbone.js;120
xml;337
socket.io;276
rest;121
ruby-on-rails;776
nyc-open-data;247
objective-c;1064
ios;3190
esri;156
machine-learning;145
github;429
django;437
windows-phone;790
xcode;643
blender;131
jade;151
mysql;831
venmo;139
leap-motion;380
phonegap;167
google-app-engine;132
python;3119
asp.net;169
namecheap;110
hardware;2275
android;5456
php;1702
web;4499
css3;1293
google-places;130
eclipse;405
tizen-sdk;431
visual-studio;293
samsung-tv-sdk;151
tizen;126
opencv;277
google-maps;978
android-studio;874
flask;728
apache;288
arduino;894
iphone-sdk;189
adobe-illustrator;262
ruby;666
c#;1124
evernote;248
foursquare;123
photoshop;638
yo;111
jquery;2468
raspberry-pi;265
linux;144
sketch;113
processing;116
heroku;634
facebook-graph;132
uber;122
mongodb;1059
youtube;121
go;187
sublime-text;140
bluetooth;198
meteor.js;413
twilio;826
digitalocean;220
twitter;377
postgresql;274
azure;674
websockets;109
mac;1369
amazon-web-services;409
ajax;254
pebble;608
express.js;688
weather-underground;108
reactjs;120
firebase;648
salesforce;139
css;3543
facebook;505
mit-app-inventor;132
node.js;2483
d3.js;302
sendgrid;214
kinect;101
google;196
sqlite;178
json;634
yelp;119
bootstrap;1653
ibm-watson;110
html5;2790
world-bank-data;106
c++;613
git;241
sql;188
samsung-gear;169
appcelerator;135
r;114
parse;845
html;2940
particle;104
intel-edison;106
gps;101
windows;1916
c;608
java;3198
coffeescript;216
api;193
spotify;114
.net;180
ionic;219
shell;306
javascript;7402
swift;743
unity;1241
myo;373
php5;126
sass;159
