flask;95
facebook;53
leap-motion;32
sendgrid;43
alchemyapi;21
firebase;100
sass;21
esri;38
parse;89
angular.js;86
machine-learning;29
css;192
mac;117
oculus;29
django;36
photoshop;32
spotify;21
arduino;105
yo;22
python;261
.net;51
windows-phone;65
bluetooth;39
amazon-web-services;39
bluemix;35
jquery;137
meteor.js;21
raspberry-pi;33
windows;129
xcode;34
node.js;276
twilio;120
namecheap;25
c++;38
nexmo;28
socket.io;26
pebble;67
javascript;420
c;60
java;130
chrome;29
wolfram-technologies;25
ruby;46
hardware;211
linode;40
unity;50
html;240
android;265
ios;313
bloomberg;42
php;74
digitalocean;21
web;387
d3.js;25
opencv;51
venmo;39
express.js;64
particle;23
twitter;36
google-maps;59
azure;103
git;29
weather-underground;30
heroku;36
objective-c;108
myo;41
mongodb;157
sql;43
