alchemyapi;110
sass;114
chrome;240
bloomberg;119
opencv;222
google-maps;458
azure;560
git;268
sql;497
flask;588
apache;120
angular.js;492
mac;776
oculus;165
arduino;474
amazon-web-services;242
bluemix;126
xml;166
c++;250
sendgrid;212
socket.io;152
pebble;335
ruby;393
parse;695
html;2301
d3.js;134
weather-underground;135
objective-c;604
firebase;549
machine-learning;118
css;1853
django;259
photoshop;149
yo;115
windows-phone;293
ios;1860
jquery;1083
raspberry-pi;126
xcode;325
node.js;1531
jade;103
c;279
linux;101
java;1078
venmo;182
express.js;454
google;116
heroku;293
windows;799
uber;117
mongodb;870
facebook;530
leap-motion;166
esri;117
python;1697
.net;355
bluetooth;113
meteor.js;123
twilio;664
namecheap;130
javascript;3339
hardware;918
linode;167
unity;343
android;2034
php;569
digitalocean;177
web;2922
twitter;145
myo;320
